Year,Europe,Northern U.S.,Chesapeake,Carolinas / Georgia,Gulf states,U.S.A. unspecified,Jamaica,Barbados,Antigua,St. Kitts,Grenada,Dominica,British Guiana,St. Vincent,Montserrat / Nevis,Trinidad / Tobago,Other British Caribbean,Saint-Domingue,Martinique,Guadeloupe,French Guiana,French Caribbean unspecified,Dutch Caribbean,Dutch Guianas,Danish West Indies,Cuba,Puerto Rico,Spanish Circum-Caribbean,Rio de la Plata,Other Spanish Americas,Amazonia,Bahia,Pernambuco,South-east Brazil,Brazil unspecified,Africa,Totals
1501,0,0,0,0,0,0,0,0,0,0,0,0,0,0,0,0,0,0,0,0,0,0,0,0,0,0,0,0,0,134,0,0,0,0,0,0,134
1502,0,0,0,0,0,0,0,0,0,0,0,0,0,0,0,0,0,0,0,0,0,0,0,0,0,0,0,0,0,134,0,0,0,0,0,0,134
1503,0,0,0,0,0,0,0,0,0,0,0,0,0,0,0,0,0,0,0,0,0,0,0,0,0,0,0,0,0,134,0,0,0,0,0,0,134
1504,0,0,0,0,0,0,0,0,0,0,0,0,0,0,0,0,0,0,0,0,0,0,0,0,0,0,0,0,0,134,0,0,0,0,0,0,134
1505,0,0,0,0,0,0,0,0,0,0,0,0,0,0,0,0,0,0,0,0,0,0,0,0,0,0,0,0,0,134,0,0,0,0,0,0,134
1506,0,0,0,0,0,0,0,0,0,0,0,0,0,0,0,0,0,0,0,0,0,0,0,0,0,0,0,0,0,134,0,0,0,0,0,0,134
1507,0,0,0,0,0,0,0,0,0,0,0,0,0,0,0,0,0,0,0,0,0,0,0,0,0,0,0,0,0,134,0,0,0,0,0,0,134
1508,0,0,0,0,0,0,0,0,0,0,0,0,0,0,0,0,0,0,0,0,0,0,0,0,0,0,0,0,0,134,0,0,0,0,0,0,134
1509,0,0,0,0,0,0,0,0,0,0,0,0,0,0,0,0,0,0,0,0,0,0,0,0,0,0,0,0,0,134,0,0,0,0,0,0,134
1510,0,0,0,0,0,0,0,0,0,0,0,0,0,0,0,0,0,0,0,0,0,0,0,0,0,0,0,0,0,134,0,0,0,0,0,0,134
1511,0,0,0,0,0,0,0,0,0,0,0,0,0,0,0,0,0,0,0,0,0,0,0,0,0,0,0,0,0,134,0,0,0,0,0,0,134
1512,0,0,0,0,0,0,0,0,0,0,0,0,0,0,0,0,0,0,0,0,0,0,0,0,0,0,0,0,0,134,0,0,0,0,0,0,134
1513,0,0,0,0,0,0,0,0,0,0,0,0,0,0,0,0,0,0,0,0,0,0,0,0,0,0,0,0,0,134,0,0,0,0,0,0,134
1514,168,0,0,0,0,0,0,0,0,0,0,0,0,0,0,0,0,0,0,0,0,0,0,0,0,0,0,0,0,134,0,0,0,0,0,0,302
1515,0,0,0,0,0,0,0,0,0,0,0,0,0,0,0,0,0,0,0,0,0,0,0,0,0,0,0,0,0,134,0,0,0,0,0,0,134
1516,284,0,0,0,0,0,0,0,0,0,0,0,0,0,0,0,0,0,0,0,0,0,0,0,0,0,0,0,0,1100,0,0,0,0,0,0,1384
1517,0,0,0,0,0,0,0,0,0,0,0,0,0,0,0,0,0,0,0,0,0,0,0,0,0,0,0,0,0,1100,0,0,0,0,0,0,1100
1518,0,0,0,0,0,0,0,0,0,0,0,0,0,0,0,0,0,0,0,0,0,0,0,0,0,0,0,0,0,1100,0,0,0,0,0,0,1100
1519,0,0,0,0,0,0,0,0,0,0,0,0,0,0,0,0,0,0,0,0,0,0,0,0,0,0,0,0,0,1100,0,0,0,0,0,0,1100
1520,0,0,0,0,0,0,0,0,0,0,0,0,0,0,0,0,0,0,0,0,0,0,0,0,0,0,0,0,0,1100,0,0,0,0,0,0,1100
1521,0,0,0,0,0,0,0,0,0,0,0,0,0,0,0,0,0,0,0,0,0,0,0,0,0,0,0,0,0,283,0,0,0,0,0,0,283
1522,0,0,0,0,0,0,0,0,0,0,0,0,0,0,0,0,0,0,0,0,0,0,0,0,0,0,0,0,0,283,0,0,0,0,0,0,283
1523,0,0,0,0,0,0,0,0,0,0,0,0,0,0,0,0,0,0,0,0,0,0,0,0,0,0,0,0,0,283,0,0,0,0,0,0,283
1524,0,0,0,0,0,0,0,0,0,0,0,0,0,0,0,0,0,0,0,0,0,0,0,0,0,0,0,0,0,283,0,0,0,0,0,0,283
1525,0,0,0,0,0,0,0,0,0,0,0,0,0,0,0,0,0,0,0,0,0,0,0,0,0,0,0,0,0,283,0,0,0,0,0,0,283
1526,0,0,0,0,0,0,0,0,0,0,0,0,0,0,0,0,0,0,0,0,0,0,0,0,0,0,0,0,0,1256,0,0,0,0,0,0,1256
1527,0,0,0,0,0,0,0,0,0,0,0,0,0,0,0,0,0,0,0,0,0,0,0,0,0,0,0,0,0,1256,0,0,0,0,0,0,1256
1528,0,0,0,0,0,0,0,0,0,0,0,0,0,0,0,0,0,0,0,0,0,0,0,0,0,0,0,0,0,1256,0,0,0,0,0,0,1256
1529,0,0,0,0,0,0,0,0,0,0,0,0,0,0,0,0,0,0,0,0,0,0,0,0,0,0,0,0,0,1256,0,0,0,0,0,0,1256
1530,0,0,0,0,0,0,0,0,0,0,0,0,0,0,0,0,0,0,0,0,0,0,0,0,0,0,0,0,0,1256,0,0,0,0,0,0,1256
1531,0,0,0,0,0,0,0,0,0,0,0,0,0,0,0,0,0,0,0,0,0,0,0,0,0,0,0,78,0,1128,0,0,0,0,0,0,1206
1532,0,0,0,0,0,0,0,0,0,0,0,0,0,0,0,0,0,0,0,0,0,0,0,0,0,0,0,78,0,1128,0,0,0,0,0,0,1206
1533,0,0,0,0,0,0,0,0,0,0,0,0,0,0,0,0,0,0,0,0,0,0,0,0,0,0,0,78,0,1128,0,0,0,0,0,0,1206
1534,0,0,0,0,0,0,0,0,0,0,0,0,0,0,0,0,0,0,0,0,0,0,0,0,0,0,0,78,0,1128,0,0,0,0,0,0,1206
1535,0,0,0,0,0,0,0,0,0,0,0,0,0,0,0,0,0,0,0,0,0,0,0,0,0,0,0,78,0,1128,0,0,0,0,0,0,1206
1536,0,0,0,0,0,0,0,0,0,0,0,0,0,0,0,0,0,0,0,0,0,0,0,0,0,0,0,53,0,758,0,0,0,0,0,0,811
1537,0,0,0,0,0,0,0,0,0,0,0,0,0,0,0,0,0,0,0,0,0,0,0,0,0,0,0,53,0,758,0,0,0,0,0,0,811
1538,0,0,0,0,0,0,0,0,0,0,0,0,0,0,0,0,0,0,0,0,0,0,0,0,0,0,0,53,0,758,0,0,0,0,0,0,811
1539,0,0,0,0,0,0,0,0,0,0,0,0,0,0,0,0,0,0,0,0,0,0,0,0,0,0,0,53,0,758,0,0,0,0,0,0,811
1540,0,0,0,0,0,0,0,0,0,0,0,0,0,0,0,0,0,0,0,0,0,0,0,0,0,0,0,53,0,758,0,0,0,0,0,0,811
1541,0,0,0,0,0,0,0,0,0,0,0,0,0,0,0,0,0,0,0,0,0,0,0,0,0,0,0,164,0,2350,0,0,0,0,0,0,2514
1542,0,0,0,0,0,0,0,0,0,0,0,0,0,0,0,0,0,0,0,0,0,0,0,0,0,0,0,164,0,2350,0,0,0,0,0,0,2514
1543,0,0,0,0,0,0,0,0,0,0,0,0,0,0,0,0,0,0,0,0,0,0,0,0,0,0,0,164,0,2350,0,0,0,0,0,0,2514
1544,0,0,0,0,0,0,0,0,0,0,0,0,0,0,0,0,0,0,0,0,0,0,0,0,0,0,0,164,0,2350,0,0,0,0,0,0,2514
1545,0,0,0,0,0,0,0,0,0,0,0,0,0,0,0,0,0,0,0,0,0,0,0,0,0,0,0,164,0,2350,0,0,0,0,0,0,2514
1546,0,0,0,0,0,0,0,0,0,0,0,0,0,0,0,0,0,0,0,0,0,0,0,0,0,0,0,86,0,1234,0,0,0,0,0,0,1320
1547,0,0,0,0,0,0,0,0,0,0,0,0,0,0,0,0,0,0,0,0,0,0,0,0,0,0,0,86,0,1234,0,0,0,0,0,0,1320
1548,0,0,0,0,0,0,0,0,0,0,0,0,0,0,0,0,0,0,0,0,0,0,0,0,0,0,0,86,0,1234,0,0,0,0,0,0,1320
1549,0,0,0,0,0,0,0,0,0,0,0,0,0,0,0,0,0,0,0,0,0,0,0,0,0,0,0,86,0,1234,0,0,0,0,0,0,1320
1550,0,0,0,0,0,0,0,0,0,0,0,0,0,0,0,0,0,0,0,0,0,0,0,0,0,0,0,86,0,1234,0,0,0,0,0,0,1320
1551,0,0,0,0,0,0,0,0,0,0,0,0,0,0,0,0,0,0,0,0,0,0,0,0,0,0,0,12,0,180,0,0,0,0,0,0,192
1552,0,0,0,0,0,0,0,0,0,0,0,0,0,0,0,0,0,0,0,0,0,0,0,0,0,0,0,12,0,180,0,0,0,0,0,0,192
1553,0,0,0,0,0,0,0,0,0,0,0,0,0,0,0,0,0,0,0,0,0,0,0,0,0,0,0,12,0,180,0,0,0,0,0,0,192
1554,0,0,0,0,0,0,0,0,0,0,0,0,0,0,0,0,0,0,0,0,0,0,0,0,0,0,0,12,0,180,0,0,0,0,0,0,192
1555,0,0,0,0,0,0,0,0,0,0,0,0,0,0,0,0,0,0,0,0,0,0,0,0,0,0,0,12,0,180,0,0,0,0,0,0,192
1556,0,0,0,0,0,0,0,0,0,0,0,0,0,0,0,0,0,0,0,0,0,0,0,0,0,0,0,106,0,559,0,0,0,0,0,0,665
1557,0,0,0,0,0,0,0,0,0,0,0,0,0,0,0,0,0,0,0,0,0,0,0,0,0,0,0,39,0,559,0,0,0,0,0,0,598
1558,0,0,0,0,0,0,0,0,0,0,0,0,0,0,0,0,0,0,0,0,0,0,0,0,0,0,0,39,0,559,0,0,0,0,0,0,598
1559,0,0,0,0,0,0,0,0,0,0,0,0,0,0,0,0,0,0,0,0,0,0,0,0,0,0,0,39,0,559,0,0,0,0,0,0,598
1560,0,0,0,0,0,0,0,0,0,0,0,0,0,0,0,0,0,0,0,0,0,0,0,0,0,0,0,39,0,559,0,0,0,0,0,0,598
1561,0,0,0,0,0,0,0,0,0,0,0,0,0,0,0,0,0,0,0,0,0,0,0,0,0,0,0,212,0,3057,0,0,100,0,0,0,3369
1562,0,0,0,0,0,0,0,0,0,0,0,0,0,0,0,0,0,0,0,0,0,0,0,0,0,0,0,212,0,3057,0,0,107,0,0,0,3376
1563,0,0,0,0,0,0,0,0,0,0,0,0,0,0,0,0,0,0,0,0,0,0,0,0,0,0,0,212,0,3270,0,0,114,0,0,0,3596
1564,0,0,0,0,0,0,0,0,0,0,0,0,0,0,0,0,0,0,0,0,0,0,0,0,0,0,0,212,0,3057,0,0,122,0,0,0,3391
1565,0,0,0,0,0,0,0,0,0,0,0,0,0,0,0,0,0,0,0,0,0,0,0,0,0,0,0,496,0,3057,0,0,130,0,0,0,3683
1566,0,0,0,0,0,0,0,0,0,0,0,0,0,0,0,0,0,0,0,0,0,0,0,0,0,0,0,128,0,1854,0,0,138,0,0,0,2120
1567,0,0,0,0,0,0,0,0,0,0,0,0,0,0,0,0,0,0,0,0,0,0,0,0,0,0,0,428,0,1854,0,0,148,0,0,0,2430
1568,0,0,0,0,0,0,0,0,0,0,0,0,0,0,0,0,0,0,0,0,0,0,0,0,0,0,0,452,0,1854,0,0,158,0,0,0,2464
1569,0,0,0,0,0,0,0,0,0,0,0,0,0,0,0,0,0,0,0,0,0,0,0,0,0,0,0,128,0,1854,0,0,168,0,0,0,2150
1570,0,0,0,0,0,0,0,0,0,0,0,0,0,0,0,0,0,0,0,0,0,0,0,0,0,0,0,128,0,1854,0,0,180,0,0,0,2162
1571,0,0,0,0,0,0,0,0,0,0,0,0,0,0,0,0,0,0,0,0,0,0,0,0,0,0,0,170,0,1724,0,0,192,0,0,0,2086
1572,0,0,0,0,0,0,0,0,0,0,0,0,0,0,0,0,0,0,0,0,0,0,0,0,0,0,0,120,0,1724,0,0,204,0,0,0,2048
1573,0,0,0,0,0,0,0,0,0,0,0,0,0,0,0,0,0,0,0,0,0,0,0,0,0,0,0,120,0,1724,0,0,218,0,0,0,2062
1574,0,0,0,0,0,0,0,0,0,0,0,0,0,0,0,0,0,0,0,0,0,0,0,0,0,0,0,120,0,1724,0,0,233,0,0,0,2077
1575,0,0,0,0,0,0,0,0,0,0,0,0,0,0,0,0,0,0,0,0,0,0,0,0,0,0,0,120,0,1724,0,0,249,0,0,0,2093
1576,0,0,0,0,0,0,0,0,0,0,0,0,0,0,0,0,0,0,0,0,0,0,0,0,0,0,0,118,0,1690,0,0,265,0,0,0,2073
1577,0,0,0,0,0,0,0,0,0,0,0,0,0,0,0,0,0,0,0,0,0,0,0,0,0,0,0,118,0,1690,0,0,283,0,0,0,2091
1578,0,0,0,0,0,0,0,0,0,0,0,0,0,0,0,0,0,0,0,0,0,0,0,0,0,0,0,118,0,1690,0,0,302,0,0,0,2110
1579,0,0,0,0,0,0,0,0,0,0,0,0,0,0,0,0,0,0,0,0,0,0,0,0,0,0,0,118,0,1690,0,0,322,0,0,0,2130
1580,0,0,0,0,0,0,0,0,0,0,0,0,0,0,0,0,0,0,0,0,0,0,0,0,0,0,0,118,0,1690,0,100,344,70,0,0,2322
1581,0,0,0,0,0,0,0,0,0,0,0,0,0,0,0,0,0,0,0,0,0,0,0,0,0,0,0,902,0,2176,0,109,367,76,0,0,3630
1582,0,0,0,0,0,0,0,0,0,0,0,0,0,0,0,0,0,0,0,0,0,0,0,0,0,0,0,902,0,2176,0,119,392,83,0,0,3672
1583,0,0,0,0,0,0,0,0,0,0,0,0,0,0,0,0,0,0,0,0,0,0,0,0,0,0,0,902,0,2344,0,129,418,91,0,0,3884
1584,0,0,0,0,0,0,0,0,0,0,0,0,0,0,0,0,0,0,0,0,0,0,0,0,0,0,0,902,0,2176,0,141,446,99,0,0,3764
1585,0,0,0,0,0,0,0,0,0,0,0,0,0,0,0,0,0,0,0,0,0,0,0,0,0,0,0,902,0,2176,0,154,476,107,0,0,3815
1586,0,0,0,0,0,0,0,0,0,0,0,0,0,0,0,0,0,0,0,0,0,0,0,0,0,0,0,1042,0,2514,0,167,508,117,0,0,4348
1587,0,0,0,0,0,0,0,0,0,0,0,0,0,0,0,0,0,0,0,0,0,0,0,0,0,0,0,1042,0,2514,0,182,542,128,0,0,4408
1588,0,0,0,0,0,0,0,0,0,0,0,0,0,0,0,0,0,0,0,0,0,0,0,0,0,0,0,1042,0,2514,0,199,579,139,0,0,4473
1589,0,0,0,0,0,0,0,0,0,0,0,0,0,0,0,0,0,0,0,0,0,0,0,0,0,0,0,1042,0,2514,0,216,618,152,0,0,4542
1590,0,0,0,0,0,0,0,0,0,0,0,0,0,0,0,0,0,0,0,0,0,0,0,0,0,0,0,1042,0,2514,0,236,659,165,0,0,4616
1591,0,0,0,0,0,0,0,0,0,0,0,0,0,0,0,0,0,0,0,0,0,0,0,0,0,0,0,428,0,1032,0,257,703,180,0,0,2600
1592,0,0,0,0,0,0,0,0,0,0,0,0,0,0,0,0,0,0,0,0,0,0,0,0,0,0,0,428,0,1032,0,280,751,196,0,0,2687
1593,0,0,0,0,0,0,0,0,0,0,0,0,0,0,0,0,0,0,0,0,0,0,0,0,0,0,0,428,0,1032,0,305,801,214,0,0,2780
1594,0,0,0,0,0,0,0,0,0,0,0,0,0,0,0,0,0,0,0,0,0,0,0,0,0,0,0,428,0,1032,0,332,855,233,0,0,2880
1595,0,0,0,0,0,0,0,0,0,0,0,0,0,0,0,0,0,0,0,0,0,0,0,0,0,0,0,5434,0,570,0,362,912,254,0,0,7532
1596,188,0,0,0,0,0,0,0,0,0,0,0,0,0,0,0,0,0,0,0,0,0,0,0,0,0,0,5434,0,570,0,395,973,276,0,0,7836
1597,0,0,0,0,0,0,0,0,0,0,0,0,0,0,0,0,0,0,0,0,0,0,0,0,0,0,0,5434,0,570,0,430,1039,875,287,0,8635
1598,0,0,0,0,0,0,0,0,0,0,0,0,0,0,0,0,0,0,0,0,0,0,0,0,0,0,0,5434,0,570,0,468,1109,569,0,0,8150
1599,0,0,0,0,0,0,0,0,0,0,0,0,0,0,0,0,0,0,0,0,0,0,0,0,0,0,0,5434,0,570,0,510,1183,357,0,0,8054
1600,0,0,0,0,0,0,0,0,0,0,0,0,0,0,0,0,0,0,0,0,0,0,0,0,0,0,0,5434,0,570,0,556,1263,389,0,0,8212
1601,0,0,0,0,0,0,0,0,0,0,0,0,0,0,0,0,0,0,0,0,0,0,0,0,0,0,0,2413,0,253,0,606,1347,424,0,0,5043
1602,0,0,0,0,0,0,0,0,0,0,0,0,0,0,0,0,0,0,0,0,0,0,0,0,0,0,0,2413,0,253,0,660,1438,462,0,0,5226
1603,0,0,0,0,0,0,0,0,0,0,0,0,0,0,0,0,0,0,0,0,0,0,0,0,0,0,0,2413,0,253,0,719,1535,504,0,0,5424
1604,0,0,0,0,0,0,0,0,0,0,0,0,0,0,0,0,0,0,0,0,0,0,0,0,0,0,0,2413,0,253,0,784,1925,549,0,0,5924
1605,0,0,0,0,0,0,0,0,0,0,0,0,0,0,0,0,0,0,0,0,0,0,0,0,0,0,0,2413,0,253,0,854,1748,598,0,0,5866
1606,0,0,0,0,0,0,0,0,0,0,0,0,0,0,0,470,0,0,0,0,0,0,0,0,0,0,0,4006,0,420,0,931,1865,651,0,0,8343
1607,0,0,0,0,0,0,97,0,0,0,0,0,0,0,0,0,0,0,0,0,0,0,0,0,0,0,0,4006,0,420,0,1014,1990,710,0,0,8237
1608,0,0,0,0,0,0,0,0,0,0,0,0,0,0,0,0,0,0,0,0,0,0,0,0,0,0,0,4006,0,420,0,1105,2124,773,0,0,8428
1609,0,0,0,0,0,0,0,0,0,0,0,0,0,0,0,0,0,0,0,0,0,0,0,0,0,0,0,4006,0,420,0,1204,2267,843,0,0,8740
1610,0,0,0,0,0,0,0,0,0,0,0,0,0,0,0,0,0,0,0,0,0,0,0,0,0,0,0,4006,0,420,0,1312,2419,918,0,0,9075
1611,0,0,0,0,0,0,0,0,0,0,0,0,0,0,0,0,0,0,0,0,0,0,0,0,0,0,0,1324,0,139,0,1429,2582,1000,0,0,6474
1612,85,0,0,0,0,0,0,0,0,0,0,0,0,0,0,0,0,0,0,0,0,0,0,0,0,0,0,1324,0,426,0,1557,2755,1090,0,0,7237
1613,0,0,0,0,0,0,0,0,0,0,0,0,0,0,0,0,0,0,0,0,0,0,0,0,0,0,0,1324,0,139,0,1696,2940,1188,0,0,7287
1614,0,0,0,0,0,0,0,0,0,0,0,0,0,0,0,0,0,0,0,0,0,0,0,0,0,0,0,1324,0,139,0,1848,3138,1294,0,0,7743
1615,0,0,0,0,0,0,0,0,0,0,0,0,0,0,0,0,0,0,0,0,0,0,0,0,0,0,0,1324,0,672,0,2014,3348,1410,0,0,8768
1616,0,0,0,0,0,0,0,0,0,0,0,0,0,0,0,0,0,0,0,0,0,0,0,0,0,0,0,6526,0,685,0,2194,3573,1536,0,0,14514
1617,0,0,0,0,0,0,0,0,0,0,0,0,0,0,0,0,0,0,0,0,0,0,0,0,0,0,0,6526,0,685,0,2391,3813,1674,0,0,15089
1618,0,0,0,0,0,0,0,0,0,0,0,0,0,0,0,0,0,0,0,0,0,0,0,0,0,0,0,6526,0,685,0,2605,4070,1824,735,0,16445
1619,0,0,0,0,0,0,0,0,0,0,0,0,0,0,0,0,0,0,0,0,0,0,0,0,0,0,0,6526,0,685,0,2839,4343,1987,0,0,16380
1620,0,0,0,0,0,0,0,0,0,0,0,0,0,0,0,0,0,0,0,0,0,0,0,0,0,0,0,6526,0,685,0,3086,4640,2160,0,0,17097
1621,0,0,0,0,0,0,0,0,0,0,0,0,0,0,0,0,0,0,0,0,0,0,0,0,0,0,0,6889,0,723,0,3086,4640,2160,0,0,17498
1622,0,0,0,0,0,0,0,0,0,0,0,0,0,0,0,0,0,0,0,0,0,0,0,0,0,0,0,6889,0,723,0,3086,4640,2160,0,0,17498
1623,0,0,0,0,0,0,0,0,0,0,0,0,0,0,0,0,0,0,0,0,0,0,0,0,0,0,0,6889,0,723,0,3086,4640,2160,0,0,17498
1624,0,0,0,0,0,0,0,0,0,0,0,0,0,0,0,0,0,0,0,0,0,0,0,0,0,0,0,6889,0,723,0,3086,4640,2160,0,0,17498
1625,0,0,0,0,0,0,0,0,0,0,0,0,0,0,0,0,0,0,0,0,0,0,0,0,0,0,0,6889,0,723,0,3086,4640,2160,0,0,17498
1626,0,0,0,0,0,0,0,0,0,0,0,0,0,0,0,0,0,0,0,0,0,0,0,0,0,0,0,2277,0,239,0,3086,4640,2160,0,0,12402
1627,0,0,0,0,0,0,0,0,0,0,0,0,0,0,0,0,0,0,0,0,0,0,0,0,0,0,0,2277,0,239,0,3086,4640,2160,245,0,12647
1628,0,0,100,0,0,0,0,0,0,0,0,0,0,0,0,0,0,0,0,0,0,0,0,0,0,0,0,2277,0,239,0,3086,4640,2160,0,0,12502
1629,0,0,0,0,0,0,0,0,0,0,0,0,0,0,0,0,0,0,0,0,0,0,0,0,0,0,0,2277,0,239,0,3086,4640,2160,0,0,12402
1630,0,0,0,0,0,0,0,0,0,0,0,0,0,0,0,0,0,0,0,0,0,0,0,0,0,0,0,2277,0,239,0,3086,734,2160,0,0,8496
1631,0,0,0,0,0,0,0,0,0,0,0,0,0,0,0,0,0,0,0,0,0,0,0,0,0,0,0,3521,0,370,0,3086,0,2160,0,0,9137
1632,0,0,0,0,0,0,0,0,0,0,0,0,0,0,0,0,0,0,0,0,0,0,0,0,0,0,0,3521,0,370,0,3086,0,2160,0,0,9137
1633,0,0,0,0,0,0,0,0,0,0,0,0,0,0,0,0,0,0,0,0,0,0,0,0,0,0,0,3852,0,370,0,3086,300,2160,0,0,9768
1634,0,0,0,0,0,0,0,0,0,0,0,0,0,0,0,0,0,0,0,0,0,0,0,0,0,0,0,3521,0,370,0,3086,0,2160,0,0,9137
1635,0,0,0,0,0,0,0,0,0,0,0,0,0,0,0,0,0,0,0,0,0,0,0,0,0,0,0,3521,0,370,0,3086,0,2160,0,0,9137
1636,0,0,0,0,0,0,0,0,0,0,0,0,0,0,0,0,0,0,0,0,0,0,0,0,0,0,0,2836,0,298,0,3086,805,2160,0,0,9185
1637,0,0,0,0,0,0,0,0,0,0,0,0,0,0,0,0,0,0,0,0,0,0,0,0,0,0,0,2836,0,298,0,3086,1229,2160,0,0,9609
1638,0,0,0,0,0,0,0,0,0,0,0,0,0,0,0,0,0,0,0,0,0,0,0,0,0,0,0,2836,0,298,0,3086,1508,2160,0,0,9888
1639,0,0,0,0,0,0,0,0,0,0,0,0,0,0,0,0,0,0,0,0,0,0,0,0,0,0,0,2836,0,298,0,3086,1590,2160,0,0,9970
1640,0,0,0,0,0,0,0,0,0,0,0,0,0,0,0,0,0,0,0,0,0,0,0,0,0,0,0,2836,0,298,0,3086,1289,2160,0,0,9669
1641,0,0,0,0,0,0,0,741,0,0,0,0,0,0,0,0,0,0,0,0,0,0,0,0,0,0,0,2836,0,298,0,2000,1606,1400,130,0,9011
1642,0,0,0,0,0,0,0,1419,0,0,0,0,0,0,0,0,0,0,0,0,0,0,0,0,0,0,0,604,0,63,0,2000,2400,1400,0,0,7886
1643,0,0,0,0,0,0,0,0,0,293,0,0,0,0,0,0,0,0,0,0,0,0,0,0,0,0,0,604,0,322,0,2000,5009,1400,0,0,9628
1644,0,0,0,0,0,0,0,4861,0,469,0,0,0,0,0,0,0,0,0,0,0,0,0,0,0,0,0,604,0,63,0,2210,4932,1400,158,0,14697
1645,0,0,0,0,0,0,0,4623,0,0,0,0,0,0,0,0,0,0,0,0,0,0,0,0,0,0,0,604,0,63,0,2000,3579,1400,611,0,12880
1646,0,0,0,0,0,0,0,7953,0,0,0,0,0,0,0,0,0,0,545,0,0,0,0,0,0,0,0,604,0,63,0,2000,570,1400,0,0,13135
1647,0,0,0,0,0,0,0,4992,0,0,0,0,0,0,0,0,0,0,0,0,0,0,0,0,0,0,0,863,0,63,0,2000,6,1400,260,172,9756
1648,0,0,0,0,0,0,0,522,0,0,0,0,0,0,0,0,0,0,0,0,0,0,0,0,0,0,0,604,0,1141,0,2000,0,1400,0,0,5667
1649,0,0,0,0,0,0,0,378,0,0,0,0,0,0,0,0,0,0,0,0,0,0,0,0,0,0,0,604,699,1297,0,3086,414,2160,0,0,8638
1650,0,0,0,0,0,0,0,387,0,0,0,0,0,0,0,0,0,0,0,0,0,0,0,0,0,0,0,1387,0,63,0,3653,448,2557,0,0,8495
1651,0,0,0,0,0,0,0,378,0,0,0,0,0,0,0,0,0,0,0,0,0,0,0,0,0,0,0,917,0,1196,0,3653,0,2557,0,0,8701
1652,0,0,0,0,0,0,0,848,0,0,0,0,0,0,0,0,0,0,0,0,0,0,0,0,0,0,0,1229,0,332,0,3653,269,2557,0,578,9466
1653,0,0,0,0,0,0,0,0,0,0,0,0,0,0,0,0,0,0,260,0,0,424,0,0,0,0,0,1123,0,701,0,3653,0,2557,0,0,8718
1654,0,0,0,0,0,0,0,2437,0,0,0,0,0,0,0,0,0,0,378,0,0,0,0,0,0,0,0,1631,0,93,0,3653,0,2557,0,323,11072
1655,0,434,0,0,0,0,0,1341,0,0,0,0,0,0,0,0,0,0,316,0,0,0,0,0,0,0,0,892,0,202,0,3653,1800,2557,0,0,11195
1656,0,0,246,0,0,0,0,3872,0,0,0,0,0,0,0,179,0,0,0,0,0,0,0,0,0,0,0,2640,610,108,0,3653,1800,2557,0,0,15665
1657,0,0,385,0,0,0,0,1315,0,0,0,0,0,0,0,0,792,0,0,0,0,0,590,0,0,0,0,1119,460,581,0,3653,2123,2557,0,212,13787
1658,0,0,0,0,0,0,0,4437,0,0,0,0,0,0,0,0,0,0,0,0,0,0,377,4255,0,0,0,1497,230,63,0,3653,1800,2557,0,857,19726
1659,0,0,0,0,0,0,94,792,0,0,0,0,0,0,0,212,0,0,268,632,0,0,1378,0,0,0,305,2740,198,839,0,3653,1800,2557,0,0,15468
1660,0,0,0,0,0,0,0,792,0,0,0,0,0,0,0,0,0,0,0,0,0,0,1738,323,0,0,0,1257,1062,63,0,3653,1800,2557,0,0,13245
1661,0,0,0,0,0,0,761,2358,0,0,0,0,0,0,0,0,0,0,235,0,0,357,677,235,0,0,0,1750,272,317,0,4720,1800,2557,0,0,16039
1662,0,0,621,0,0,0,0,2720,0,0,0,0,0,0,0,212,0,0,39,212,0,212,316,0,0,0,0,834,874,813,0,3653,1800,2557,0,0,14863
1663,247,295,263,0,0,0,777,1109,0,0,0,0,0,0,0,434,0,0,300,0,0,0,1504,212,0,0,0,0,133,786,0,3653,1800,2557,0,0,14070
1664,0,387,523,0,0,0,429,6486,0,984,0,0,0,0,214,212,0,0,1079,0,562,355,1677,164,0,0,0,0,0,0,0,3653,1800,2925,0,0,21450
1665,0,0,200,0,0,0,3011,4079,0,0,0,0,0,0,0,0,204,0,0,757,0,757,490,519,0,0,0,0,0,0,0,3653,1800,2557,0,0,18027
1666,0,0,0,0,0,0,2524,3029,0,0,0,0,0,0,0,0,0,0,316,323,0,859,323,247,0,0,0,153,0,0,0,4823,2295,3751,0,0,18643
1667,0,0,0,0,0,0,246,2492,0,0,0,0,0,0,0,0,0,0,467,268,0,0,1615,362,0,0,0,434,1000,0,0,4956,2358,3854,0,0,18052
1668,329,0,0,0,0,0,0,7015,0,0,0,0,0,0,0,0,0,0,1366,0,0,216,2928,1982,0,0,0,0,0,0,0,4869,2317,3787,0,0,24809
1669,0,0,0,0,0,0,3194,2106,0,0,230,0,0,0,0,0,0,0,757,0,291,391,5745,1471,0,0,0,514,650,0,0,3853,1833,2996,0,0,24031
1670,340,0,0,0,0,0,1198,1102,0,0,0,0,0,0,0,225,0,0,863,0,0,448,3154,686,0,0,0,0,0,336,0,4600,2189,3577,0,206,18924
1671,365,0,0,0,0,0,1947,2453,0,0,0,0,0,0,0,0,0,0,765,0,0,311,5851,1645,0,0,0,0,0,0,0,2471,1176,1922,143,181,19230
1672,0,0,486,0,0,0,0,2514,0,0,0,0,0,0,0,0,0,0,268,890,0,0,4215,434,0,0,0,664,0,0,0,2528,1203,1966,0,0,15168
1673,0,0,0,0,0,0,0,2900,0,0,0,0,0,0,0,0,0,0,0,0,268,0,2530,0,0,0,0,0,0,291,0,3653,2500,2557,0,100,14799
1674,0,0,131,0,0,0,1553,2462,0,0,0,0,0,0,602,0,0,0,0,0,0,0,2321,0,0,264,0,0,47,0,0,3653,2500,2557,0,0,16090
1675,0,0,0,0,0,0,2124,3605,0,0,0,0,0,0,1483,0,287,0,0,0,0,536,808,1418,0,72,0,0,0,0,0,3653,2500,2557,0,0,19043
1676,0,0,330,0,0,0,2023,3577,0,0,0,0,0,0,770,0,0,0,0,0,0,0,3736,86,0,0,0,0,0,0,0,3653,2500,2557,0,0,19232
1677,477,0,0,0,0,0,1642,1914,206,0,0,0,0,0,555,0,0,0,0,0,0,836,1204,1097,0,0,0,807,145,0,0,3653,2500,2557,0,0,17593
1678,0,56,638,0,0,0,1911,4741,190,0,0,0,0,0,1220,0,0,0,536,0,0,0,787,590,0,0,0,1100,0,0,0,3143,2500,2200,0,0,19612
1679,587,0,694,0,0,0,1162,2241,838,270,0,0,0,0,909,0,0,491,988,0,0,587,2121,892,0,0,0,1085,0,0,0,3143,2500,2200,0,0,20708
1680,74,0,121,0,0,0,2128,3424,0,0,0,0,0,0,1572,0,659,0,0,0,0,0,4685,0,196,0,0,313,0,0,250,3143,2500,2200,0,0,21265
1681,0,193,0,0,0,0,3294,5888,553,0,0,0,0,0,2665,0,0,0,0,0,0,804,3633,281,0,0,0,2285,0,0,0,3143,2500,2200,0,0,27439
1682,0,0,0,0,0,0,2460,4610,124,1229,0,0,0,0,2522,0,115,0,683,0,341,0,1826,845,0,0,0,0,0,0,0,3143,2500,2200,0,0,22598
1683,0,0,0,0,0,133,3763,7926,0,0,0,0,0,0,850,0,503,268,268,0,0,536,2100,1319,25,0,0,0,0,0,0,3143,2500,2200,0,0,25534
1684,0,0,107,0,0,0,2757,4115,0,0,0,0,0,0,148,0,474,858,0,0,0,0,1293,1543,0,0,0,0,0,0,0,2933,2500,2053,0,0,18781
1685,0,0,0,0,0,0,3956,3854,234,234,0,0,0,0,330,0,0,899,268,0,0,0,0,3880,0,0,0,1005,0,0,0,3682,2500,2577,0,0,23419
1686,0,0,885,0,0,0,3950,3333,108,0,0,0,0,0,823,0,0,562,778,0,0,0,1515,1391,200,0,0,265,0,0,0,1370,2500,959,0,0,18639
1687,0,0,623,0,0,0,3988,4756,284,0,0,0,0,0,487,0,191,268,268,268,0,268,5089,477,480,0,0,0,0,0,0,2259,2500,1581,0,0,23787
1688,0,0,428,0,0,0,1310,3099,220,0,0,0,0,0,1543,0,0,0,1139,0,0,520,4701,934,571,0,0,0,0,0,0,2776,2500,1943,0,0,21684
1689,0,0,185,0,0,0,2323,1963,303,0,0,0,0,0,1126,0,0,0,468,0,222,0,414,1898,0,0,0,0,0,0,0,3277,2500,2294,0,0,16973
1690,0,0,0,0,0,0,857,753,0,0,0,0,0,0,210,0,502,0,556,0,0,0,393,0,876,0,0,313,0,0,0,4249,2500,2974,0,0,14183
1691,0,0,0,0,0,0,3598,2502,0,0,0,0,0,0,0,0,0,268,167,0,0,0,2345,1125,660,0,0,0,0,0,73,4998,2500,3498,0,0,21734
1692,0,0,212,0,0,0,4661,3067,0,0,0,0,0,0,0,0,0,0,960,0,0,0,640,1074,2195,0,0,0,0,0,73,4721,2500,3305,0,0,23408
1693,0,193,516,0,0,0,4427,1829,228,0,0,0,0,0,0,0,0,445,543,0,0,268,1719,1086,4006,0,0,0,0,0,140,2062,2500,1444,0,0,21406
1694,0,0,707,0,0,0,3794,2948,0,0,0,0,0,0,352,0,0,0,278,0,0,0,1823,937,2199,0,0,0,0,0,0,2245,2500,1571,0,0,19354
1695,0,193,490,0,0,0,1591,2889,0,0,0,0,0,0,669,0,0,0,320,0,315,641,1659,646,0,0,0,0,0,0,102,4763,2500,3334,0,0,20112
1696,0,59,219,0,0,0,1641,4251,0,0,0,0,0,0,602,0,0,0,0,0,358,0,0,999,2140,0,0,0,0,0,158,5985,5234,4190,0,0,25836
1697,477,193,0,0,0,0,0,6678,0,0,0,0,0,0,250,0,441,0,0,0,0,0,0,1527,290,0,0,148,0,0,100,8295,7647,5807,0,0,31853
1698,0,792,1106,0,0,0,1410,3558,19,0,0,0,0,0,719,0,0,363,587,0,0,0,1372,2105,1268,0,0,2926,0,0,0,9369,8235,6558,0,0,40387
1699,0,0,999,0,0,0,5553,4019,315,0,0,0,0,0,770,0,0,503,268,0,0,0,2657,671,2183,0,0,1195,0,0,100,6135,5350,4294,0,0,35012
1700,0,31,974,0,0,0,8948,5135,2362,0,0,0,0,0,587,0,0,0,1243,0,189,0,80,772,857,0,0,2434,0,0,100,7752,6755,5427,0,493,44139
1701,0,0,1087,0,0,0,10352,7015,2081,0,0,0,0,0,1078,0,0,515,1342,0,0,0,4176,468,575,234,0,2015,0,0,115,6317,5485,4422,0,0,47277
1702,0,0,812,0,0,0,3850,9289,2605,0,0,0,0,0,1261,0,0,268,795,0,0,0,808,1171,761,0,0,817,0,0,100,6272,5465,4390,105,0,38769
1703,0,0,231,0,0,0,2585,3005,1017,0,0,0,0,0,609,0,0,0,324,0,0,340,502,742,428,0,0,2558,883,0,170,6273,5464,4367,0,0,29498
1704,0,0,1374,0,0,0,5398,3772,948,0,0,0,0,0,623,0,0,0,556,215,0,155,479,1054,295,0,0,1812,80,0,100,5719,4976,4003,0,0,31559
1705,0,30,2076,0,0,0,4810,2633,1240,166,0,0,0,0,132,0,303,0,1031,0,0,0,2135,1935,0,389,0,914,697,0,100,4729,4149,3310,0,0,30779
1706,0,0,1718,0,0,0,4290,3838,1099,0,0,0,0,0,311,0,0,0,317,0,0,0,1199,511,0,0,0,444,0,0,100,5350,4641,3745,0,0,27563
1707,0,0,1537,0,0,0,3733,992,288,0,0,0,0,0,195,0,0,0,571,0,186,0,1823,1407,813,0,0,0,667,0,100,8715,7583,6101,0,0,34711
1708,0,0,2155,0,0,0,8791,1723,1037,0,0,0,0,0,130,0,804,268,563,0,0,465,817,1546,212,0,0,0,892,0,87,5610,4849,3927,0,0,33876
1709,0,0,854,0,0,0,3548,928,1017,0,233,0,0,0,175,0,0,502,503,0,254,1081,464,1244,465,0,0,570,331,0,100,5905,5100,4133,0,0,27407
1710,0,66,964,227,0,0,6592,1172,623,0,0,0,0,0,546,0,297,602,2128,0,0,791,1198,1156,512,0,0,1732,334,0,100,5908,5149,3211,0,0,33308
1711,0,156,0,137,0,0,8150,1477,690,231,0,0,0,0,132,0,231,1058,622,0,0,115,1367,0,0,0,0,1632,0,0,100,7242,4000,3827,0,0,31167
1712,0,96,0,0,0,0,4940,3034,820,0,0,0,0,0,363,0,0,0,176,0,0,647,1023,0,738,0,0,531,927,0,100,9301,4000,2844,0,0,29540
1713,0,0,517,208,0,0,4547,3421,1032,318,0,0,0,0,1284,0,258,1600,741,0,101,0,0,485,0,0,0,437,522,0,100,9608,4000,6385,0,0,35564
1714,0,0,197,183,0,0,5631,6232,1042,0,0,0,0,0,536,0,0,1851,3366,657,229,0,1056,833,595,259,0,0,0,0,356,9765,4000,4807,0,0,41595
1715,0,48,263,237,0,0,1356,7168,1472,217,0,0,0,0,576,0,0,4552,3460,0,67,0,1416,822,212,0,0,335,1845,0,85,6974,4000,5954,0,0,41059
1716,0,54,282,0,0,0,2433,4782,1381,0,0,0,0,0,493,0,204,4175,1452,137,132,0,1226,1326,0,0,0,1334,377,0,100,8730,4000,6548,0,0,39166
1717,0,333,624,444,0,0,3627,7090,655,710,0,0,0,0,612,0,0,2906,1322,0,0,0,0,2102,0,0,0,947,1430,0,100,7889,4000,5444,0,0,40235
1718,0,136,1830,536,0,0,5849,6911,0,339,0,0,0,0,206,0,419,2644,768,0,0,0,449,733,206,280,0,1263,1465,0,0,8392,4000,7564,0,0,43990
1719,0,0,2726,259,474,0,6921,5641,1681,371,0,0,0,0,287,0,0,3415,419,215,44,0,350,1811,190,0,0,0,273,212,100,6584,4000,5050,0,0,41023
1720,0,0,2587,221,134,0,7988,2414,126,100,0,0,0,0,0,0,0,4005,1462,0,53,0,586,774,0,0,0,551,0,0,0,6872,4000,6937,892,0,39702
1721,0,177,4210,280,1490,0,3053,938,267,1449,217,0,0,0,456,0,1124,3337,2340,0,0,0,446,909,0,261,0,0,0,0,100,6394,2853,5003,0,0,35304
1722,0,0,302,240,0,0,8150,1341,607,282,0,0,0,0,872,0,0,5016,3661,0,85,0,1579,449,201,0,0,0,467,0,100,5461,3125,4630,86,0,36654
1723,0,0,1018,275,198,0,5397,3060,658,454,0,0,0,0,708,0,0,1245,1324,0,82,0,2294,782,0,223,0,223,1003,0,100,7907,2197,4465,1210,0,34823
1724,0,0,778,813,0,0,7436,3852,513,1351,0,0,0,0,593,0,989,2497,1614,0,0,0,2323,656,570,0,0,428,2277,0,100,15259,4893,4721,260,0,51923
1725,158,242,1833,1411,224,0,5832,3879,1706,1130,0,0,0,0,625,0,0,2918,1783,0,83,0,1453,1328,1286,772,0,0,2213,0,0,7695,4819,6150,539,0,48079
1726,0,0,3838,593,648,0,8609,3485,2150,2139,0,0,0,0,154,0,0,3043,1368,0,448,0,1963,1636,217,0,0,53,549,0,100,10815,4939,5881,272,0,52900
1727,356,0,5003,1251,606,0,3716,3604,2596,910,0,0,0,0,400,0,0,2962,2037,300,335,0,610,2695,455,0,0,0,615,0,0,9185,6262,5441,418,0,49757
1728,380,0,2094,1324,1552,0,7986,4319,1620,959,0,0,0,0,997,0,0,2139,2556,92,274,0,672,1085,32,303,0,520,179,0,0,12333,3096,4439,0,259,49210
1729,187,290,1109,635,1312,0,13865,5137,3407,1539,0,0,0,0,363,0,0,3567,3182,172,0,0,1204,1618,126,0,0,348,0,251,0,10965,3570,2188,0,0,55035
1730,0,0,1403,1028,355,304,11422,4619,2744,2999,0,0,0,0,233,0,157,2000,5006,0,488,0,0,1789,0,0,0,0,1574,0,100,5060,2960,8290,0,0,52531
1731,637,544,1874,1795,0,222,9767,5586,1434,1826,0,0,0,0,127,0,352,3894,2221,0,0,201,0,1948,55,298,147,0,1626,0,100,12455,1347,3851,0,0,52307
1732,546,876,2382,1983,0,0,13712,3445,638,724,0,0,0,0,0,0,0,4479,1959,0,0,0,186,2744,115,0,0,0,1388,0,100,7102,1428,5398,394,0,49599
1733,801,564,2906,3372,0,0,6486,1820,782,486,0,0,0,0,510,0,0,4099,1920,0,0,0,828,2336,242,0,0,306,0,0,0,8163,3035,5944,0,0,44600
1734,627,420,3200,2114,0,0,6908,2403,343,1380,0,0,0,0,197,0,0,1683,2070,0,0,0,1217,2692,214,0,0,0,581,0,0,10457,3358,6804,0,166,46834
1735,7,0,2682,4557,0,0,3252,1818,985,1626,0,0,0,0,0,0,0,3679,2385,104,0,0,774,2916,0,0,0,204,0,0,0,8177,3035,8179,0,0,44380
1736,0,477,3828,3868,0,0,2758,1832,2267,1959,0,0,0,0,706,0,0,4266,1532,0,0,0,1231,3448,128,0,0,0,763,0,100,8859,2142,8635,74,0,48873
1737,20,1401,3276,3074,0,0,10906,1160,2418,4798,0,0,0,0,1452,0,0,4024,3752,0,0,0,252,1766,0,0,0,0,1183,0,100,8887,1747,6570,0,0,56786
1738,0,376,2648,3278,0,0,4613,804,1551,2702,188,0,0,0,597,0,0,8782,1034,0,151,0,0,750,182,52,0,0,0,0,100,10333,3035,5698,1023,0,47897
1739,3,808,2712,2687,0,0,6885,5737,2764,4062,275,0,0,0,0,0,0,10851,2785,0,0,0,248,1711,25,0,0,0,0,0,100,7602,1315,7100,0,0,57670
1740,0,258,2866,1134,0,0,7079,3210,1553,2207,0,0,0,0,230,0,0,15308,1059,0,0,0,412,484,52,0,0,0,0,0,69,9459,2734,5838,0,0,53952
1741,0,981,1522,0,0,0,5059,6388,1296,1636,0,0,0,0,192,0,0,17459,1766,0,196,0,0,2712,0,0,0,0,0,0,7,3710,1646,8461,0,0,53031
1742,0,0,2829,0,0,166,5154,1858,1458,935,0,0,0,0,0,0,0,11566,3566,0,0,0,322,1825,61,0,236,0,590,0,100,10862,3391,7882,357,0,53158
1743,2,904,1368,0,222,159,8619,883,363,449,0,0,0,0,0,0,0,11563,4030,218,127,0,460,2953,0,0,0,0,587,0,92,5672,1482,9039,357,0,49549
1744,0,394,945,863,0,0,9278,1586,1820,2278,0,0,0,0,0,0,545,6306,7528,0,530,195,0,3793,113,139,0,498,0,140,0,12734,3282,6995,0,0,59962
1745,403,0,779,0,0,0,4460,586,0,446,0,0,0,0,0,0,0,0,3519,0,0,0,400,3677,0,0,0,0,0,0,100,4234,2265,10380,0,0,31249
1746,0,436,1308,0,0,0,5315,1010,0,0,0,0,0,0,0,0,0,356,656,0,0,0,0,3548,267,0,0,0,0,0,100,6637,2793,8060,0,0,30486
1747,0,140,0,0,0,0,11238,1228,1535,1493,0,0,0,0,0,0,0,864,1018,0,0,0,214,4126,557,198,0,780,0,222,100,13095,2613,6324,0,0,45745
1748,0,919,332,0,0,0,10685,978,1806,2663,0,0,0,0,444,0,344,2346,681,0,0,0,745,2374,330,0,0,412,335,269,100,9285,4742,6301,0,90,46181
1749,0,655,2120,525,0,0,6824,3511,1194,4954,0,0,0,0,220,0,0,6530,4581,0,0,0,765,3152,1058,0,0,544,1246,0,100,11265,3128,4127,0,0,56499
1750,0,1092,891,1594,0,0,3345,6509,1436,3234,0,0,0,0,221,0,221,8790,5346,0,0,377,459,2311,286,0,0,0,0,299,100,13828,4085,1700,0,0,56124
1751,150,1108,1686,491,0,0,6100,3942,1867,2786,0,0,0,0,456,0,941,7362,5944,0,198,0,732,2057,477,0,0,0,0,0,100,7689,1762,6702,0,308,52858
1752,441,786,4694,1801,0,0,7654,4919,870,507,0,0,0,0,0,0,818,11186,3060,0,0,0,275,2154,814,0,0,0,732,0,432,9728,3312,7501,0,0,61684
1753,0,0,2218,1428,0,0,8979,5573,2538,1516,0,0,0,0,421,0,0,12516,1548,238,0,0,0,1828,448,0,0,0,0,0,427,10284,3928,6803,313,0,61006
1754,0,107,243,2241,0,0,11334,5482,1704,1675,0,0,0,0,1072,0,109,13493,1895,0,0,0,0,5042,498,0,0,193,208,0,100,5698,2357,9346,0,0,62797
1755,29,0,311,1940,0,0,14678,3959,5269,2922,155,0,0,0,194,0,657,15232,1466,781,289,0,326,3101,217,0,0,0,0,0,433,7111,3068,8259,0,0,70397
1756,0,80,284,2847,362,0,11260,3897,1624,965,553,0,0,0,230,0,548,3525,1559,0,102,110,364,4003,942,0,0,0,0,0,548,8371,3759,10081,567,0,56581
1757,277,630,0,1105,0,0,8986,2638,1127,737,0,0,0,0,346,0,206,830,1034,1126,0,398,860,2792,1048,0,0,0,0,0,697,6861,2752,9164,0,0,43614
1758,194,777,475,4512,0,0,5587,2320,2431,2368,392,0,0,0,0,0,162,0,1330,814,0,133,1398,4598,1024,0,0,0,0,0,1445,6509,4290,7554,0,0,48313
1759,0,628,2141,2046,0,0,4280,2135,2180,2376,0,0,0,0,290,0,248,0,1357,3306,0,0,902,3109,850,0,0,0,0,416,710,5210,2729,9182,0,0,44095
1760,0,1023,2537,4445,0,0,5999,2802,1622,1788,0,0,0,0,0,0,201,0,2560,5291,324,264,0,2689,1603,0,0,0,0,0,667,7288,2250,6799,0,0,50152
1761,0,1320,2697,3144,0,0,7866,1386,1171,3206,162,0,0,0,0,0,0,440,991,8017,624,593,986,3514,895,258,162,0,0,0,824,6977,2123,9195,0,0,56551
1762,0,1041,3173,799,0,0,6231,1491,1636,2210,0,0,0,0,0,0,472,0,2420,3490,0,940,987,4343,1678,1289,0,0,0,0,2206,6338,2611,7552,0,0,50907
1763,0,490,1813,2072,0,0,9373,3338,1805,3435,1089,0,0,0,0,0,213,2106,296,720,0,0,1762,3521,213,2342,0,0,0,0,716,5682,3455,7184,0,0,51625
1764,0,412,1499,4488,0,0,11637,7827,934,5288,1760,819,0,198,0,0,0,13584,980,716,0,0,660,4409,451,2888,90,357,0,0,1322,3475,2136,8336,0,0,74266
1765,0,720,322,7834,0,0,11569,4348,2695,2489,2381,278,0,0,0,0,950,11984,1245,1298,442,0,650,5355,576,346,0,0,0,297,1692,6559,3242,12203,0,0,79475
1766,0,194,776,1288,0,0,13223,4325,3353,3141,7739,1187,0,434,150,0,707,15322,646,755,474,0,0,5327,378,573,412,0,0,0,948,9873,3293,7830,0,0,82348
1767,0,186,291,1351,73,0,5068,5121,4885,2643,4582,3366,0,210,0,0,929,15920,86,468,0,0,654,5216,590,0,2449,0,0,0,1341,7447,3772,9231,0,0,75879
1768,0,148,847,715,0,0,2836,5034,5026,2733,1801,4391,0,1553,0,0,1981,15442,525,365,216,907,270,5440,1136,512,2111,0,0,0,1154,7600,3683,6616,0,18,73060
1769,0,368,383,5243,0,0,4767,8114,2563,1286,3929,4036,0,572,209,0,1163,13382,0,257,563,0,314,4628,361,180,2723,0,0,0,764,7658,1047,8119,0,74,72703
1770,0,488,1153,1110,254,0,8719,8853,2321,653,7187,3581,0,860,0,0,976,16531,55,445,0,0,0,6130,904,0,1810,0,0,208,1177,5036,2804,8407,351,0,80013
1771,0,0,627,3161,134,0,6323,6085,1482,2887,5121,7547,0,2603,450,325,1567,11349,54,137,245,0,357,6939,449,0,0,0,0,0,1011,6839,1687,7846,0,0,75225
1772,0,0,2391,4727,0,0,7564,6271,1237,2540,4656,5275,0,2797,0,844,604,16960,128,238,57,0,901,5189,843,0,0,0,0,0,1164,4311,3015,9957,188,29,81886
1773,0,0,278,9779,83,0,13311,1287,370,2557,3078,1791,0,2581,55,465,0,14690,0,231,0,0,888,4766,595,0,0,0,0,240,979,6092,1708,9359,0,0,75183
1774,0,0,211,6759,102,0,20523,2958,544,3948,2349,4152,0,1352,0,291,1201,16209,556,0,0,0,1690,3045,573,0,0,0,0,0,927,8151,3005,6189,0,0,84735
1775,0,149,0,200,582,0,18367,2794,1652,3136,3481,5357,0,849,536,0,1806,16128,231,0,0,0,1236,2737,710,0,0,236,0,0,1143,9282,2865,5527,0,0,79004
1776,0,0,0,278,1207,0,18510,2121,398,1720,3483,3569,0,437,6,955,618,20708,548,416,158,0,283,1882,633,0,0,0,0,0,2068,9370,2703,5677,0,0,77748
1777,0,0,0,0,149,0,6577,709,343,959,3095,2677,0,136,0,975,1152,22056,3037,258,225,0,1169,2289,0,0,0,0,0,203,1155,3743,1836,7507,0,0,60250
1778,0,0,0,0,0,0,4964,0,245,523,1695,436,0,0,0,652,204,18521,825,294,1055,0,596,2138,551,0,0,0,0,0,2549,8383,1941,9358,0,0,54930
1779,0,0,0,0,0,0,5461,333,0,197,930,0,0,0,0,175,705,420,0,0,508,531,750,2251,1702,0,0,0,0,0,1631,7050,1774,9747,0,0,34165
1780,0,0,367,0,0,0,4446,0,218,1259,0,0,0,0,0,0,310,218,0,0,0,0,1329,2267,458,0,0,0,0,0,920,15418,1265,8243,0,0,36718
1781,0,0,106,0,0,0,8561,0,488,734,0,223,0,0,0,0,1285,1191,0,0,0,0,594,1765,1087,0,0,0,0,0,1943,13185,2755,10208,0,0,44125
1782,0,0,0,158,0,0,7120,335,1312,0,0,0,0,0,0,0,5520,4175,558,344,0,0,0,578,1557,0,0,0,0,344,871,13395,2631,8404,0,0,47302
1783,0,0,0,916,0,0,10020,0,1514,596,330,1334,0,454,0,0,3545,9131,0,0,0,0,0,421,1350,1050,0,0,0,1178,2340,8530,3669,9556,0,0,55934
1784,0,0,0,4781,199,0,15922,0,2316,689,1747,5634,0,2154,0,1262,1631,25741,929,488,158,0,334,2547,2948,711,0,0,0,433,669,9923,2164,11003,0,0,94383
1785,23,0,0,4413,0,0,11554,157,380,0,3386,7816,0,1318,0,652,315,26809,359,314,0,0,325,1994,1501,1122,0,0,0,0,1097,7263,1501,11880,0,0,84179
1786,0,0,0,805,0,0,6265,593,849,801,1973,7412,0,1969,0,2807,390,29918,0,112,0,0,0,250,923,2849,0,463,0,333,1459,7957,1655,13416,0,0,83199
1787,0,0,0,715,0,0,6664,733,574,1157,4275,6361,0,3049,0,695,342,33917,702,327,320,0,146,1494,948,2316,0,690,0,85,2984,3035,5735,10974,0,0,88238
1788,0,0,0,581,433,0,6237,2003,561,67,7906,6457,0,3171,0,415,1087,31392,0,158,140,280,96,1049,614,2099,0,0,1787,989,2658,5241,2982,12865,0,0,91268
1789,0,0,0,826,0,0,10200,462,330,979,6551,3370,0,925,0,1004,122,30001,590,301,222,0,886,1170,1073,1650,0,0,393,0,1881,7095,1668,9355,0,0,81054
1790,0,0,0,169,197,0,14640,428,0,106,4623,2130,0,1573,0,745,0,44572,334,418,46,0,0,1730,300,2718,0,0,0,0,1638,6998,2496,11999,0,281,98141
1791,0,0,0,0,0,371,16190,468,271,64,9492,2362,0,4021,0,0,469,28040,544,578,94,0,0,2946,300,6731,0,0,0,0,1133,7252,4455,7934,1162,0,94877
1792,0,0,0,2211,394,0,18586,1214,0,540,9609,3392,0,4633,0,566,511,9862,2720,5187,488,0,480,2279,300,6564,278,447,480,334,1848,7663,3802,16911,647,0,101946
1793,0,0,0,762,192,0,28344,1559,93,296,5818,3399,0,3557,0,816,218,1255,1458,1588,615,0,600,3549,842,2184,0,294,654,0,1984,10313,4221,14354,659,0,89624
1794,0,0,0,289,0,0,16182,1889,0,0,2593,0,0,1845,0,0,453,635,0,0,0,0,113,1261,787,3207,0,0,279,0,2342,13732,1663,13063,1049,162,61544
1795,0,0,0,2061,0,0,14264,2572,0,0,444,0,0,168,151,327,522,600,0,943,0,500,0,1131,2584,4652,0,0,220,0,2993,13097,4241,11788,1087,0,64345
1796,0,0,0,4790,0,0,9621,3731,501,630,0,662,1186,345,0,973,1169,366,1472,350,557,556,0,1369,3040,3841,0,0,448,0,1286,8566,2169,12700,1508,0,61836
1797,0,0,0,2215,0,0,11032,3000,534,278,89,358,6020,1574,0,374,563,158,1577,365,680,0,0,0,3866,3487,199,0,965,0,1679,8580,5496,13617,916,324,67946
1798,0,0,0,619,0,0,11397,3616,346,462,1515,628,8833,2687,0,1033,300,0,4216,337,334,0,0,287,3167,1942,0,0,280,0,763,9285,5902,7604,0,0,65553
1799,0,0,0,3,0,0,16489,1545,0,621,1531,526,6486,2017,0,2583,779,0,7663,205,0,0,0,3129,3632,4588,0,0,1131,0,3115,9566,3249,10607,336,0,79801
1800,0,260,0,134,87,0,22521,840,288,0,352,949,8121,433,0,1723,1224,0,2604,0,663,0,0,3127,3601,4526,0,0,65,0,1624,9150,2532,11387,710,606,77527
1801,0,179,68,322,0,0,10336,0,0,285,781,370,13295,2455,0,2269,571,0,2139,0,0,0,0,3734,285,2748,266,285,1727,0,1737,9637,5374,11566,941,0,71370
1802,0,158,0,552,841,0,10613,557,503,1244,1106,1712,5738,1823,0,5164,2753,0,895,1411,0,0,0,1964,4978,12015,0,0,2210,0,2665,5628,5886,17296,1100,0,88812
1803,0,0,0,1296,1021,0,7480,1491,0,766,1161,910,5418,2194,249,4779,4914,0,1960,1693,170,172,0,3747,3670,10998,0,0,3334,412,2305,9757,4538,11543,977,0,86955
1804,0,0,0,9079,638,0,5918,450,306,0,168,1386,4359,0,0,290,586,0,279,1416,187,0,0,3676,2082,8158,279,0,4117,0,5824,11164,4735,11856,607,333,77893
1805,0,0,0,10580,180,157,4960,530,102,105,0,715,6068,82,100,560,1523,0,836,1049,584,0,0,5561,1637,6013,0,0,3524,0,5072,10369,3432,13279,1711,340,79069
1806,0,0,0,17071,29,0,9488,808,741,0,435,1702,3039,1161,101,3828,2023,0,151,1435,0,0,0,1331,1163,3892,0,0,4748,0,5620,12917,4790,9848,1679,1343,89343
1807,0,0,0,27132,1760,0,16066,2256,104,279,577,1223,2172,471,0,3070,637,0,403,614,279,279,0,404,371,1444,0,0,1198,0,3154,11282,5871,12542,2274,1173,97035
1808,0,0,0,650,281,0,4040,721,0,0,368,555,1636,250,0,168,376,0,279,0,0,0,0,594,0,1022,0,0,0,0,1047,6870,4144,11971,1600,983,37555
1809,0,0,0,0,0,0,0,0,0,0,0,0,0,0,0,0,0,0,0,436,0,0,0,0,0,1161,0,0,662,0,2110,8754,3581,16986,1499,141,35330
1810,0,0,0,0,982,0,0,0,0,0,0,0,0,0,0,0,0,0,0,0,856,0,0,0,0,6716,0,0,0,0,2404,15555,11518,23973,160,1941,64105
1811,0,0,0,0,0,0,0,0,529,0,0,0,0,0,0,0,524,455,0,0,0,0,0,0,0,7244,530,0,0,0,3055,8801,3375,24597,2239,853,52202
1812,0,0,0,0,0,0,0,0,0,0,0,0,0,0,0,0,918,0,0,0,0,0,0,0,0,3155,0,0,0,0,1367,12324,7943,23617,1179,3552,54055
1813,0,0,0,0,410,0,0,0,128,0,0,0,0,0,0,0,0,0,0,0,0,0,0,0,0,2980,0,0,0,0,1098,11454,6587,22460,353,392,45862
1814,0,0,0,0,410,0,0,0,402,0,0,0,0,0,0,0,789,0,524,0,0,0,0,0,0,2196,0,0,0,0,1367,11727,9683,19929,377,1732,49136
1815,0,0,0,0,410,0,0,0,1442,0,0,0,0,0,0,0,281,0,0,382,595,231,0,0,0,7872,0,0,0,0,1620,12255,9625,16686,250,1742,53391
1816,0,0,0,0,410,0,0,0,0,0,0,0,0,0,0,0,314,0,2026,347,0,0,0,0,0,18384,0,0,0,0,1463,9391,10511,24152,250,2404,69652
1817,0,0,0,0,1070,350,0,0,0,0,0,0,0,0,0,0,0,0,1153,2507,0,0,0,0,0,25448,0,353,0,0,2854,12959,7866,23849,217,1432,80058
1818,0,0,0,95,660,0,0,0,0,0,0,0,0,0,0,0,94,0,1294,553,112,339,0,0,0,20762,180,0,0,0,3952,11583,10198,27059,1292,335,78508
1819,0,0,0,0,410,0,0,0,0,0,0,0,0,0,0,0,0,353,1201,1393,1260,315,0,0,0,16051,528,0,0,0,2375,15342,5508,19496,3136,677,68045
1820,0,0,0,0,410,0,0,0,562,0,0,0,0,0,0,0,0,0,1732,3061,332,1436,0,812,0,11096,0,0,0,0,2078,9501,10164,21316,599,688,63787
1821,0,0,0,0,0,0,0,0,0,0,0,0,0,0,0,0,0,0,3012,1382,2372,685,0,298,0,8471,0,0,0,0,1645,9443,10000,24696,1674,1342,65020
1822,0,0,0,0,0,0,0,0,0,0,0,0,0,0,0,0,279,0,3910,279,528,2268,0,984,0,10729,0,0,0,0,1853,13798,5518,31342,1118,4586,77192
1823,0,0,0,0,0,0,0,0,0,0,0,0,0,0,0,0,0,0,447,744,849,0,0,0,791,4021,635,0,0,0,1721,4619,6436,23195,1170,837,45465
1824,0,0,0,0,0,0,0,0,0,0,0,0,0,0,0,0,0,0,0,2782,1171,0,0,1049,937,11747,869,0,0,0,0,5100,4036,29075,854,1579,59199
1825,0,0,0,0,0,0,0,0,0,0,0,0,0,0,0,0,0,0,2036,786,735,404,0,1201,1310,24192,403,0,0,0,917,6037,8696,27238,353,3817,78125
1826,0,0,0,0,0,0,0,0,0,0,0,0,0,0,0,1078,0,0,1863,0,2030,0,0,0,1309,15203,1207,0,1085,0,1032,13218,7998,38686,151,3618,88478
1827,0,0,0,0,0,0,0,0,0,0,0,0,0,0,0,0,0,0,3449,0,1423,1006,0,0,1460,11115,0,0,0,0,1735,15343,7838,34494,739,3984,82586
1828,0,0,0,0,0,0,0,0,0,0,0,0,0,0,0,0,0,0,4722,510,0,0,0,0,0,12424,811,0,1057,0,585,6866,4666,46226,238,5460,83565
1829,0,0,0,0,0,0,0,0,0,0,0,0,0,0,0,0,0,0,1880,2135,905,0,0,0,533,19841,0,0,0,0,495,16297,7879,48278,0,7687,105930
1830,0,0,0,0,91,0,0,0,0,0,0,0,0,0,0,0,0,0,1442,491,0,251,0,0,1442,18638,0,0,0,0,1793,7204,6024,34659,1322,5305,78662
1831,0,0,0,0,0,0,0,0,0,0,0,0,0,0,0,0,157,0,441,333,0,0,0,0,0,13096,655,0,0,0,167,1000,4011,1000,0,1912,22772
1832,0,0,0,0,0,0,0,0,0,0,0,0,0,0,0,0,385,0,0,0,0,0,0,0,0,14320,716,0,0,0,0,3300,1713,4000,0,1342,25776
1833,0,0,0,0,0,0,232,0,0,0,0,0,0,0,0,196,0,0,0,0,0,0,0,0,0,13314,666,0,239,0,0,3600,301,9000,0,1856,29404
1834,0,0,0,0,0,0,0,0,0,0,0,0,0,0,0,0,368,0,0,0,0,0,0,0,0,16375,819,0,750,0,0,3600,700,13800,0,3191,39603
1835,0,0,0,0,0,0,0,0,0,0,0,0,0,0,0,0,0,0,0,0,0,0,0,0,0,24959,1248,0,670,0,534,5200,1400,30000,0,4507,68518
1836,0,0,0,0,0,0,0,0,0,0,820,0,0,0,0,0,1421,0,0,0,0,0,0,0,0,23414,1171,0,0,0,0,2900,3500,46000,437,5442,85105
1837,0,0,0,0,0,0,771,433,0,0,280,0,0,0,0,0,899,0,0,0,0,0,0,0,0,20545,1027,0,0,0,0,4119,6650,46000,0,4845,85569
1838,0,0,0,0,0,0,404,0,0,0,0,0,0,0,0,0,1817,0,0,0,0,0,0,0,277,22582,1129,0,0,0,122,4000,5950,42800,0,3256,82337
1839,0,0,0,0,0,0,704,0,0,0,0,0,0,0,0,0,0,0,0,0,0,0,0,0,0,19834,992,0,0,0,199,4123,5250,46000,260,4003,81365
1840,0,0,0,0,0,0,279,0,0,0,0,0,0,0,0,0,0,0,0,0,0,0,0,0,0,17739,887,0,0,0,1263,2291,5683,27309,0,1700,57151
1841,0,0,0,0,0,0,0,0,0,0,0,0,0,0,0,0,193,0,0,0,0,0,0,0,0,14124,706,0,0,0,1352,1823,5325,17264,956,3048,44791
1842,0,0,0,0,0,0,0,0,0,0,0,0,314,0,0,0,0,0,0,0,0,0,0,0,0,4739,237,0,0,0,758,4540,2234,16451,1172,2890,33335
1843,0,0,0,0,0,0,0,0,0,0,0,0,0,0,0,0,0,0,0,0,0,0,0,0,0,8012,0,0,0,0,0,3111,1400,30000,0,2783,45306
1844,0,0,0,0,0,0,0,0,0,0,0,0,0,0,0,0,0,0,0,0,0,0,0,0,0,9897,0,0,0,0,0,6528,2100,19500,0,3165,41190
1845,0,0,0,0,0,0,0,0,0,0,0,0,0,0,0,0,0,0,0,0,0,0,0,0,0,2865,0,0,0,0,0,3294,1143,16000,517,4372,28191
1846,0,0,0,0,0,0,0,0,0,0,0,0,0,0,0,0,0,0,0,0,0,0,0,0,0,432,0,0,0,0,59,7869,829,42499,1139,2836,55663
1847,0,0,0,0,0,0,0,0,0,0,0,0,0,0,0,0,0,0,0,0,0,0,0,0,0,1510,0,0,0,0,0,10943,1344,49000,444,6035,69276
1848,0,0,0,0,0,0,0,0,0,0,0,0,0,0,0,0,0,0,0,0,0,0,0,0,0,2010,0,0,0,0,0,7563,1750,52000,444,7045,70812
1849,0,0,0,0,0,0,0,0,0,0,0,0,0,0,0,0,0,0,0,0,0,0,0,0,0,7621,0,0,0,0,0,9890,1050,46000,564,4889,70014
1850,0,0,0,0,0,0,0,0,0,0,0,0,0,0,0,0,0,0,0,0,0,0,0,0,0,3098,0,0,0,0,0,9461,2300,19400,0,4736,38995
1851,0,0,0,0,0,0,0,0,0,0,0,0,0,0,0,0,0,0,0,0,0,0,0,0,0,7820,0,0,0,0,0,981,350,4264,0,645,14060
1852,0,0,0,0,0,0,0,0,0,0,0,0,0,0,0,0,0,0,0,0,0,0,0,0,0,8098,0,0,0,0,0,0,0,984,0,0,9082
1853,0,0,0,0,0,0,0,0,0,0,0,0,0,0,0,0,0,0,0,0,0,0,0,0,0,15455,0,0,0,0,0,0,0,0,0,0,15455
1854,0,0,0,0,0,0,0,0,0,0,0,0,0,0,0,0,0,0,0,0,0,0,0,0,0,12706,0,0,0,0,0,0,0,0,0,0,12706
1855,0,0,0,0,0,0,0,0,0,0,0,0,0,0,0,0,0,0,0,0,0,0,0,0,0,5343,0,0,0,0,0,0,0,0,0,0,5343
1856,0,0,0,0,0,0,0,0,0,0,0,0,0,0,0,0,0,0,0,0,0,0,0,0,0,7008,0,0,0,0,0,0,0,320,0,0,7328
1857,0,0,0,0,0,0,0,0,0,0,0,0,0,0,0,0,0,0,0,0,0,0,0,0,0,10448,0,0,0,0,0,0,0,0,0,2111,12559
1858,0,0,0,303,0,0,0,0,0,0,0,0,0,0,0,0,0,0,0,0,0,0,0,0,0,15396,0,0,0,0,0,0,0,0,0,306,16005
1859,0,0,0,0,0,0,0,0,0,0,0,0,0,0,0,0,0,0,0,0,0,0,0,0,0,26290,0,0,0,0,0,0,0,0,0,2079,28369
1860,0,0,0,0,110,0,0,0,0,0,0,0,0,0,0,0,0,0,0,0,0,0,0,0,0,18260,0,0,0,0,0,0,0,0,0,3846,22216
1861,0,0,0,0,0,0,0,0,0,0,0,0,0,0,0,0,0,0,0,0,0,0,0,0,0,14621,0,0,0,0,0,0,0,0,0,6183,20804
1862,0,0,0,0,0,0,0,0,0,0,0,0,0,0,0,0,0,0,0,0,0,0,0,0,0,10382,0,0,0,0,0,0,0,0,0,1522,11904
1863,0,0,0,0,0,0,0,0,0,0,0,0,0,0,0,0,0,0,0,0,0,0,0,0,0,5649,0,0,0,0,0,0,0,0,0,1306,6955
1864,0,0,0,0,0,0,0,0,0,0,0,0,0,0,0,0,0,0,0,0,0,0,0,0,0,3895,0,0,0,0,0,0,0,0,0,0,3895
1865,0,0,0,0,0,0,0,0,0,0,0,0,0,0,0,0,0,0,0,0,0,0,0,0,0,1855,0,0,0,0,0,0,0,0,0,0,1855
1866,0,0,0,0,0,0,0,0,0,0,0,0,0,0,0,0,0,0,0,0,0,0,0,0,0,722,0,0,0,0,0,0,0,0,0,0,722
Totals,8862,26951,127670,210478,21786,1862,1019594,493164,138035,134150,128691,110048,72685,58911,46840,44003,72131,773540,216913,72875,30596,26291,150073,294651,109002,778539,26883,267512,67242,152731,142231,1550355,853833,2263915,54041,155566,10702650
